{"stats":{"minecraft:crafted":{"minecraft:oak_planks":100},"minecraft:picked_up":{"minecraft:stick":1,"minecraft:wheat_seeds":1,"minecraft:knowledge_book":1,"minecraft:oak_log":25,"minecraft:oak_sapling":8},"minecraft:used":{"minecraft:knowledge_book":5},"minecraft:custom":{"minecraft:time_since_rest":146,"minecraft:crouch_one_cm":19,"minecraft:play_time":4332,"minecraft:sprint_one_cm":18816,"minecraft:deaths":1,"minecraft:damage_taken":356,"minecraft:walk_one_cm":9983,"minecraft:sneak_time":10,"minecraft:drop":6,"minecraft:jump":139,"minecraft:damage_dealt":30,"minecraft:time_since_death":0,"minecraft:total_world_time":4332,"minecraft:climb_one_cm":354,"minecraft:damage_resisted":14,"minecraft:fall_one_cm":5538,"minecraft:fly_one_cm":61470},"minecraft:dropped":{"minecraft:knowledge_book":5,"alexsmobs:animal_dictionary":1},"minecraft:mined":{"minecraft:grass":6,"treechop:chopped_log":1}},"DataVersion":3465}