{"stats":{"minecraft:crafted":{"minecraft:oak_planks":100,"minecraft:crafting_table":1,"minecraft:stick":4,"minecraft:wooden_axe":1},"minecraft:picked_up":{"minecraft:stick":9,"minecraft:apple":1,"minecraft:wheat_seeds":1,"minecraft:stone_pickaxe":1,"minecraft:knowledge_book":1,"minecraft:oak_log":25,"minecraft:oak_sapling":10,"minecraft:oak_planks":3},"minecraft:used":{"minecraft:knowledge_book":5,"minecraft:wooden_axe":1,"minecraft:crafting_table":1,"minecraft:oak_planks":24},"minecraft:custom":{"minecraft:time_since_rest":9902,"minecraft:crouch_one_cm":19,"minecraft:play_time":16332,"minecraft:sprint_one_cm":23363,"minecraft:deaths":1,"minecraft:damage_taken":356,"minecraft:walk_one_cm":13646,"minecraft:sneak_time":11,"minecraft:drop":6,"minecraft:jump":226,"minecraft:damage_dealt":30,"minecraft:time_since_death":10966,"minecraft:total_world_time":16332,"minecraft:climb_one_cm":1144,"minecraft:damage_resisted":14,"minecraft:interact_with_crafting_table":4,"minecraft:fall_one_cm":5956,"minecraft:fly_one_cm":93323},"minecraft:dropped":{"minecraft:knowledge_book":5,"alexsmobs:animal_dictionary":1},"minecraft:mined":{"minecraft:grass":12,"minecraft:oak_planks":3,"treechop:chopped_log":1,"minecraft:fern":1}},"DataVersion":3465}