{"stats":{"minecraft:mined":{"minecraft:large_fern":3,"minecraft:grass":10,"minecraft:spruce_leaves":1,"minecraft:mangrove_roots":2,"treechop:chopped_log":1,"minecraft:oak_leaves":3},"minecraft:crafted":{"minecraft:wooden_sword":1,"minecraft:birch_planks":28,"minecraft:stick":8,"minecraft:wooden_pickaxe":1,"minecraft:wooden_axe":1},"minecraft:custom":{"minecraft:time_since_rest":5535,"minecraft:crouch_one_cm":351,"minecraft:play_time":5535,"minecraft:sprint_one_cm":25563,"minecraft:damage_taken":120,"minecraft:walk_one_cm":13970,"minecraft:sneak_time":58,"tombstone:tomb_raiding":1,"minecraft:jump":89,"minecraft:damage_dealt":113,"minecraft:time_since_death":5535,"minecraft:total_world_time":5535,"minecraft:interact_with_crafting_table":2,"minecraft:fall_one_cm":1881,"minecraft:fly_one_cm":11865,"minecraft:player_kills":1},"minecraft:used":{"minecraft:stick":2,"minecraft:mangrove_roots":2,"minecraft:spruce_sapling":1},"minecraft:picked_up":{"minecraft:birch_log":7,"minecraft:stick":2,"minecraft:mangrove_roots":2,"minecraft:spruce_sapling":1}},"DataVersion":3465}