{"stats":{"minecraft:crafted":{"minecraft:dark_oak_planks":64,"minecraft:crafting_table":1,"minecraft:bread":48,"minecraft:wooden_pickaxe":1,"minecraft:wooden_axe":1,"minecraft:wheat":144},"minecraft:picked_up":{"minecraft:dark_oak_sapling":6,"minecraft:stick":5,"minecraft:crafting_table":2,"minecraft:leather":1,"minecraft:hay_block":16,"minecraft:beef":2,"minecraft:dark_oak_log":10,"minecraft:dark_oak_wood":6,"minecraft:sunflower":2},"minecraft:custom":{"minecraft:time_since_rest":4917,"minecraft:crouch_one_cm":61,"minecraft:play_time":4917,"minecraft:sprint_one_cm":16495,"minecraft:damage_taken":90,"minecraft:walk_one_cm":10641,"minecraft:sneak_time":122,"minecraft:mob_kills":1,"minecraft:jump":91,"minecraft:damage_dealt":100,"minecraft:time_since_death":4917,"minecraft:total_world_time":4917,"minecraft:fall_one_cm":2360,"minecraft:interact_with_crafting_table":3,"minecraft:fly_one_cm":15670},"minecraft:mined":{"minecraft:hay_block":16,"minecraft:sunflower":2,"minecraft:dark_oak_log":1,"treechop:chopped_log":2,"minecraft:crafting_table":2},"minecraft:killed":{"minecraft:cow":1},"minecraft:used":{"minecraft:wooden_axe":1,"minecraft:crafting_table":3,"minecraft:wooden_pickaxe":8}},"DataVersion":3465}