{"stats":{"minecraft:picked_up":{"minecraft:crafting_table":1,"minecraft:spruce_sapling":1,"minecraft:spruce_log":6,"minecraft:dirt":3,"minecraft:cobblestone":3},"minecraft:custom":{"minecraft:time_since_rest":3929,"minecraft:crouch_one_cm":191,"minecraft:play_time":3929,"minecraft:sprint_one_cm":12478,"minecraft:damage_taken":250,"minecraft:walk_one_cm":9988,"minecraft:sneak_time":39,"minecraft:jump":85,"minecraft:damage_dealt":180,"minecraft:time_since_death":3929,"minecraft:total_world_time":3929,"minecraft:fall_one_cm":3239,"minecraft:interact_with_crafting_table":2,"minecraft:fly_one_cm":24061},"minecraft:crafted":{"minecraft:stone_axe":1,"minecraft:crafting_table":1,"minecraft:spruce_planks":24,"minecraft:stick":8,"minecraft:wooden_pickaxe":1},"minecraft:used":{"minecraft:stone_axe":2,"minecraft:crafting_table":2,"alexsmobs:animal_dictionary":1,"minecraft:wooden_pickaxe":3},"minecraft:mined":{"minecraft:grass_block":3,"minecraft:dirt":2,"minecraft:tall_grass":1,"minecraft:stone":3,"treechop:chopped_log":1,"minecraft:crafting_table":1}},"DataVersion":3465}