{"stats":{"minecraft:mined":{"treechop:chopped_log":1},"minecraft:picked_up":{"minecraft:oak_log":22,"minecraft:oak_sapling":1},"minecraft:used":{"minecraft:crafting_table":1},"minecraft:crafted":{"minecraft:crafting_table":1,"minecraft:stick":4,"minecraft:oak_planks":88,"minecraft:wooden_pickaxe":1},"minecraft:custom":{"minecraft:jump":49,"minecraft:time_since_rest":3488,"minecraft:sprint_one_cm":10150,"minecraft:play_time":3488,"minecraft:walk_on_water_one_cm":801,"minecraft:time_since_death":3488,"minecraft:walk_one_cm":6225,"minecraft:sneak_time":17,"minecraft:total_world_time":3488,"minecraft:walk_under_water_one_cm":214,"minecraft:interact_with_crafting_table":1,"minecraft:swim_one_cm":3471,"minecraft:fall_one_cm":1254,"minecraft:fly_one_cm":11422}},"DataVersion":3465}