{"stats":{"minecraft:crafted":{"minecraft:wooden_sword":1,"minecraft:crafting_table":2,"minecraft:stick":20,"minecraft:wooden_pickaxe":2,"minecraft:stone_pickaxe":2,"minecraft:torch":4,"minecraft:stone_axe":1,"minecraft:jungle_planks":36},"minecraft:picked_up":{"minecraft:crafting_table":2,"minecraft:jungle_log":15,"minecraft:gunpowder":2,"minecraft:arrow":1,"minecraft:bone":1,"minecraft:wheat_seeds":1,"minecraft:jungle_sapling":2,"minecraft:coal":12,"minecraft:cobblestone":12},"minecraft:used":{"minecraft:stone_pickaxe":10,"minecraft:wooden_pickaxe":15,"minecraft:stone_axe":7,"minecraft:wooden_sword":7,"minecraft:crafting_table":3},"minecraft:custom":{"minecraft:time_since_rest":8121,"minecraft:sprint_one_cm":31558,"minecraft:damage_taken":75,"minecraft:walk_one_cm":20418,"minecraft:mob_kills":2,"minecraft:drop":1,"minecraft:damage_dealt":270,"minecraft:interact_with_crafting_table":4,"minecraft:fly_one_cm":25594,"minecraft:crouch_one_cm":1352,"minecraft:play_time":8121,"tombstone:undead_killed":1,"minecraft:sneak_time":255,"minecraft:jump":83,"minecraft:time_since_death":8121,"minecraft:total_world_time":8121,"minecraft:climb_one_cm":259,"minecraft:fall_one_cm":1105},"minecraft:dropped":{"minecraft:stone_pickaxe":1},"minecraft:killed":{"minecraft:skeleton":1,"minecraft:creeper":1},"minecraft:mined":{"treechop:chopped_log":3,"minecraft:crafting_table":2,"minecraft:grass":1,"minecraft:coal_ore":12,"minecraft:vine":2,"minecraft:stone":12,"minecraft:fern":1}},"DataVersion":3465}