{"stats":{"minecraft:used":{"minecraft:crafting_table":1},"minecraft:mined":{"minecraft:grass":1,"minecraft:vine":1,"treechop:chopped_log":1},"minecraft:custom":{"minecraft:jump":14,"minecraft:time_since_rest":2892,"minecraft:sprint_one_cm":3175,"minecraft:play_time":2892,"minecraft:time_since_death":2892,"minecraft:walk_one_cm":3876,"minecraft:total_world_time":2892,"minecraft:interact_with_crafting_table":1,"minecraft:fly_one_cm":3535},"minecraft:picked_up":{"minecraft:jungle_log":5,"minecraft:wheat_seeds":1},"minecraft:crafted":{"minecraft:crafting_table":1,"minecraft:stick":8,"minecraft:wooden_pickaxe":1,"minecraft:jungle_planks":20}},"DataVersion":3465}