{"stats":{"minecraft:killed_by":{"minecraft:player":1},"minecraft:mined":{"minecraft:grass":1,"minecraft:grass_block":1,"supplementaries:stick":1,"minecraft:stone":21,"treechop:chopped_log":2,"minecraft:crafting_table":2},"minecraft:crafted":{"minecraft:birch_planks":100,"minecraft:stone_axe":2,"minecraft:crafting_table":2,"minecraft:stick":12,"minecraft:stone_pickaxe":1,"minecraft:wooden_pickaxe":1},"minecraft:custom":{"minecraft:time_since_rest":3476,"minecraft:crouch_one_cm":133,"minecraft:play_time":4569,"minecraft:sprint_one_cm":20553,"minecraft:walk_one_cm":22390,"minecraft:damage_taken":277,"minecraft:deaths":1,"minecraft:sneak_time":47,"minecraft:jump":50,"minecraft:damage_dealt":120,"minecraft:time_since_death":3602,"minecraft:total_world_time":4569,"minecraft:interact_with_crafting_table":4,"minecraft:fall_one_cm":2555,"minecraft:fly_one_cm":7890},"minecraft:used":{"minecraft:stone_axe":12,"minecraft:crafting_table":3,"minecraft:stone_pickaxe":14,"minecraft:wooden_pickaxe":7},"minecraft:picked_up":{"minecraft:stick":3,"minecraft:birch_log":25,"minecraft:crafting_table":2,"minecraft:birch_sapling":7,"minecraft:dirt":1,"minecraft:cobblestone":21}},"DataVersion":3465}