{"stats":{"minecraft:picked_up":{"minecraft:dirt":3,"minecraft:potato":1},"minecraft:mined":{"minecraft:grass_block":3},"minecraft:custom":{"minecraft:jump":41,"minecraft:time_since_rest":5161,"minecraft:damage_dealt":40,"minecraft:sprint_one_cm":5985,"minecraft:play_time":5161,"minecraft:walk_on_water_one_cm":742,"minecraft:time_since_death":5161,"minecraft:walk_one_cm":7315,"minecraft:sneak_time":8,"minecraft:total_world_time":5161,"minecraft:fall_one_cm":209,"minecraft:fly_one_cm":26813},"minecraft:used":{"minecraft:spruce_button":1,"minecraft:sticky_piston":2,"minecraft:chain":5,"minecraft:dirt":3,"minecraft:stripped_birch_wood":6}},"DataVersion":3465}