{"stats":{"minecraft:mined":{"minecraft:grass_block":2},"minecraft:used":{"minecraft:villager_spawn_egg":4},"minecraft:picked_up":{"minecraft:wheat_seeds":1,"minecraft:dirt":2},"minecraft:custom":{"minecraft:jump":56,"minecraft:time_since_rest":5942,"minecraft:damage_dealt":60,"minecraft:sprint_one_cm":8193,"minecraft:play_time":5942,"minecraft:time_since_death":5942,"minecraft:walk_one_cm":6444,"minecraft:sneak_time":14,"minecraft:total_world_time":5942,"minecraft:fall_one_cm":1559,"minecraft:fly_one_cm":25002}},"DataVersion":3465}