{
  "comforts:sleeping_bag_light_blue": {
    "criteria": {
      "has_the_recipe": "2024-09-27 03:25:57 +0000"
    },
    "done": true
  },
  "iceandfire:iceandfire/root": {
    "criteria": {
      "tick": "2024-09-27 03:25:57 +0000"
    },
    "done": true
  },
  "comforts:hammock_purple": {
    "criteria": {
      "has_the_recipe": "2024-09-27 03:25:57 +0000"
    },
    "done": true
  },
  "comforts:sleeping_bag_pink": {
    "criteria": {
      "has_the_recipe": "2024-09-27 03:25:57 +0000"
    },
    "done": true
  },
  "comforts:hammock_magenta": {
    "criteria": {
      "has_the_recipe": "2024-09-27 03:25:57 +0000"
    },
    "done": true
  },
  "incendium:technical/scroll_of_returning": {
    "criteria": {
      "log_spam_fixer": "2024-09-27 03:25:58 +0000"
    },
    "done": false
  },
  "comforts:hammock_red": {
    "criteria": {
      "has_the_recipe": "2024-09-27 03:25:57 +0000"
    },
    "done": true
  },
  "incendium:technical/sentrys_wrath": {
    "criteria": {
      "log_spam_fixer": "2024-09-27 03:26:30 +0000"
    },
    "done": false
  },
  "stellarity:dragons_den/cursed_tome/root": {
    "criteria": {
      "requirement": "2024-09-27 03:25:57 +0000"
    },
    "done": true
  },
  "incendium:technical/inventory/sentrys_wrath": {
    "criteria": {
      "log_spam_fixer": "2024-09-27 03:26:30 +0000"
    },
    "done": false
  },
  "comforts:sleeping_bag_white": {
    "criteria": {
      "has_the_recipe": "2024-09-27 03:25:57 +0000"
    },
    "done": true
  },
  "comforts:sleeping_bag_gray": {
    "criteria": {
      "has_the_recipe": "2024-09-27 03:25:57 +0000"
    },
    "done": true
  },
  "comforts:rope_and_nail": {
    "criteria": {
      "has_the_recipe": "2024-09-27 03:25:57 +0000"
    },
    "done": true
  },
  "incendium:technical/multiplex_crossbow": {
    "criteria": {
      "log_spam_fixer": "2024-09-27 03:26:30 +0000"
    },
    "done": false
  },
  "incendium:technical/using/ragnarok": {
    "criteria": {
      "log_spam_fixer": "2024-09-27 03:25:58 +0000"
    },
    "done": false
  },
  "comforts:sleeping_bag_cyan": {
    "criteria": {
      "has_the_recipe": "2024-09-27 03:25:57 +0000"
    },
    "done": true
  },
  "comforts:sleeping_bag_light_gray": {
    "criteria": {
      "has_the_recipe": "2024-09-27 03:25:57 +0000"
    },
    "done": true
  },
  "comforts:hammock_black": {
    "criteria": {
      "has_the_recipe": "2024-09-27 03:25:57 +0000"
    },
    "done": true
  },
  "stellarity:story/drop_rare_illager_loot": {
    "criteria": {
      "drop5": "2024-09-27 03:25:58 +0000",
      "drop4": "2024-09-27 03:25:58 +0000"
    },
    "done": true
  },
  "friendsandfoes:misc/yellow_dye_from_buttercup": {
    "criteria": {
      "has_the_recipe": "2024-09-27 03:25:57 +0000"
    },
    "done": true
  },
  "farmersdelight:main/root": {
    "criteria": {
      "seeds": "2024-09-27 03:25:57 +0000"
    },
    "done": true
  },
  "stellarity:cursed_tome/spellbooks/conveyance": {
    "criteria": {
      "requirement": "2024-09-27 03:25:58 +0000"
    },
    "done": true
  },
  "the_bumblezone:root": {
    "criteria": {
      "instant_granted": "2024-09-27 03:25:57 +0000"
    },
    "done": true
  },
  "incendium:technical/feed_ghastling": {
    "criteria": {
      "log_spam_fixer": "2024-09-27 03:26:30 +0000"
    },
    "done": false
  },
  "comforts:hammock_gray": {
    "criteria": {
      "has_the_recipe": "2024-09-27 03:25:57 +0000"
    },
    "done": true
  },
  "incendium:technical/on_inventory_change": {
    "criteria": {
      "log_spam_fixer": "2024-09-27 03:26:30 +0000"
    },
    "done": false
  },
  "comforts:hammock_cyan": {
    "criteria": {
      "has_the_recipe": "2024-09-27 03:25:57 +0000"
    },
    "done": true
  },
  "comforts:sleeping_bag_purple": {
    "criteria": {
      "has_the_recipe": "2024-09-27 03:25:57 +0000"
    },
    "done": true
  },
  "comforts:sleeping_bag_green": {
    "criteria": {
      "has_the_recipe": "2024-09-27 03:25:57 +0000"
    },
    "done": true
  },
  "stellarity:cursed_tome/root": {
    "criteria": {
      "requirement": "2024-09-27 03:25:57 +0000"
    },
    "done": true
  },
  "comforts:hammock_light_blue": {
    "criteria": {
      "has_the_recipe": "2024-09-27 03:25:57 +0000"
    },
    "done": true
  },
  "the_bumblezone:wiki": {
    "criteria": {
      "instant_granted": "2024-09-27 03:25:57 +0000"
    },
    "done": true
  },
  "incendium:technical/on_player_hurt": {
    "criteria": {
      "log_spam_fixer": "2024-09-27 03:26:30 +0000"
    },
    "done": false
  },
  "comforts:sleeping_bag_magenta": {
    "criteria": {
      "has_the_recipe": "2024-09-27 03:25:57 +0000"
    },
    "done": true
  },
  "comforts:hammock_green": {
    "criteria": {
      "has_the_recipe": "2024-09-27 03:25:57 +0000"
    },
    "done": true
  },
  "comforts:sleeping_bag_black": {
    "criteria": {
      "has_the_recipe": "2024-09-27 03:25:57 +0000"
    },
    "done": true
  },
  "stellarity:cursed_tome/spellbooks/updraft": {
    "criteria": {
      "requirement": "2024-09-27 03:25:58 +0000"
    },
    "done": true
  },
  "comforts:hammock_lime": {
    "criteria": {
      "has_the_recipe": "2024-09-27 03:25:57 +0000"
    },
    "done": true
  },
  "stellarity:cursed_tome/spellbooks/light": {
    "criteria": {
      "requirement": "2024-09-27 03:25:58 +0000"
    },
    "done": true
  },
  "incendium:technical/using/trailblazer": {
    "criteria": {
      "log_spam_fixer": "2024-09-27 03:25:58 +0000"
    },
    "done": false
  },
  "comforts:sleeping_bag_red": {
    "criteria": {
      "has_the_recipe": "2024-09-27 03:25:57 +0000"
    },
    "done": true
  },
  "comforts:sleeping_bag_orange": {
    "criteria": {
      "has_the_recipe": "2024-09-27 03:25:57 +0000"
    },
    "done": true
  },
  "comforts:hammock_blue": {
    "criteria": {
      "has_the_recipe": "2024-09-27 03:25:57 +0000"
    },
    "done": true
  },
  "comforts:hammock_white": {
    "criteria": {
      "has_the_recipe": "2024-09-27 03:25:57 +0000"
    },
    "done": true
  },
  "stellarity:dragons_den/cursed_tome/items/spellbooks/unlock_conveyance": {
    "criteria": {
      "requirement": "2024-09-27 03:25:58 +0000"
    },
    "done": true
  },
  "mowziesmobs:root": {
    "criteria": {
      "custom_test_name": "2024-09-27 03:25:57 +0000"
    },
    "done": true
  },
  "comforts:hammock_light_gray": {
    "criteria": {
      "has_the_recipe": "2024-09-27 03:25:57 +0000"
    },
    "done": true
  },
  "comforts:sleeping_bag_brown": {
    "criteria": {
      "has_the_recipe": "2024-09-27 03:25:57 +0000"
    },
    "done": true
  },
  "betterdungeons:root": {
    "criteria": {
      "always": "2024-09-27 03:25:57 +0000"
    },
    "done": true
  },
  "stellarity:cursed_tome/spellbooks/natures_wrath": {
    "criteria": {
      "requirement": "2024-09-27 03:25:58 +0000"
    },
    "done": true
  },
  "incendium:technical/firestorm": {
    "criteria": {
      "log_spam_fixer": "2024-09-27 03:26:30 +0000"
    },
    "done": false
  },
  "minecraft:adventure/adventuring_time": {
    "criteria": {
      "minecraft:forest": "2024-09-27 03:25:58 +0000"
    },
    "done": false
  },
  "stellarity:dragons_den/cursed_tome/items/spellbooks/unlock_updraft": {
    "criteria": {
      "requirement": "2024-09-27 03:25:58 +0000"
    },
    "done": true
  },
  "incendium:technical/holy_wrath": {
    "criteria": {
      "log_spam_fixer": "2024-09-27 03:26:30 +0000"
    },
    "done": false
  },
  "comforts:hammock_pink": {
    "criteria": {
      "has_the_recipe": "2024-09-27 03:25:57 +0000"
    },
    "done": true
  },
  "comforts:hammock_brown": {
    "criteria": {
      "has_the_recipe": "2024-09-27 03:25:57 +0000"
    },
    "done": true
  },
  "incendium:technical/on_block": {
    "criteria": {
      "log_spam_fixer": "2024-09-27 03:26:30 +0000"
    },
    "done": false
  },
  "comforts:sleeping_bag_lime": {
    "criteria": {
      "has_the_recipe": "2024-09-27 03:25:57 +0000"
    },
    "done": true
  },
  "comforts:hammock_yellow": {
    "criteria": {
      "has_the_recipe": "2024-09-27 03:25:57 +0000"
    },
    "done": true
  },
  "incendium:technical/using/shield": {
    "criteria": {
      "log_spam_fixer": "2024-09-27 03:25:58 +0000"
    },
    "done": false
  },
  "comforts:sleeping_bag_blue": {
    "criteria": {
      "has_the_recipe": "2024-09-27 03:25:57 +0000"
    },
    "done": true
  },
  "incendium:technical/inventory/firestorm": {
    "criteria": {
      "log_spam_fixer": "2024-09-27 03:26:30 +0000"
    },
    "done": false
  },
  "tombstone:adventure/root": {
    "criteria": {
      "auto": "2024-09-27 03:25:58 +0000"
    },
    "done": true
  },
  "cataclysm:root": {
    "criteria": {
      "custom_test_name": "2024-09-27 03:25:57 +0000"
    },
    "done": true
  },
  "comforts:sleeping_bag_yellow": {
    "criteria": {
      "has_the_recipe": "2024-09-27 03:25:57 +0000"
    },
    "done": true
  },
  "stellarity:dragons_den/cursed_tome/items/spellbooks/unlock_light": {
    "criteria": {
      "requirement": "2024-09-27 03:25:58 +0000"
    },
    "done": true
  },
  "incendium:technical/new_player": {
    "criteria": {
      "requirement": "2024-09-27 03:25:57 +0000"
    },
    "done": true
  },
  "incendium:technical/give_ghastling": {
    "criteria": {
      "log_spam_fixer": "2024-09-27 03:26:30 +0000"
    },
    "done": false
  },
  "incendium:technical/on_kill": {
    "criteria": {
      "log_spam_fixer": "2024-09-27 03:26:30 +0000"
    },
    "done": false
  },
  "comforts:hammock_orange": {
    "criteria": {
      "has_the_recipe": "2024-09-27 03:25:57 +0000"
    },
    "done": true
  },
  "DataVersion": 3465
}