{
  "iceandfire:iceandfire/root": {
    "criteria": {
      "tick": "2024-10-30 04:05:45 +0000"
    },
    "done": true
  },
  "nova_structures:root": {
    "criteria": {
      "nova_structures:adventure/find_tavern": "2024-10-30 04:06:26 +0000"
    },
    "done": true
  },
  "infinity_cave:technical/armor/leggings": {
    "criteria": {
      "empty": "2024-10-30 04:05:44 +0000"
    },
    "done": true
  },
  "incendium:technical/scroll_of_returning": {
    "criteria": {
      "log_spam_fixer": "2024-10-30 04:05:48 +0000"
    },
    "done": false
  },
  "stellarity:dragons_den/cursed_tome/root": {
    "criteria": {
      "requirement": "2024-10-30 04:05:45 +0000"
    },
    "done": true
  },
  "infinity_cave:technical/hit_match/entity_hurt_player": {
    "criteria": {
      "requirement": "2024-10-30 04:09:37 +0000"
    },
    "done": true
  },
  "incendium:technical/using/ragnarok": {
    "criteria": {
      "log_spam_fixer": "2024-10-30 04:05:48 +0000"
    },
    "done": false
  },
  "nova_structures:adventure/find_tavern": {
    "criteria": {
      "nova_structures:tavern_oak": "2024-10-30 04:06:26 +0000"
    },
    "done": true
  },
  "tombstone:adventure/halloween": {
    "criteria": {
      "coded_trigger": "2024-10-30 04:05:44 +0000"
    },
    "done": true
  },
  "infinity_cave:mechanics/weapons/sonic_bow/tick": {
    "criteria": {
      "requirement": "2024-10-30 04:05:45 +0000"
    },
    "done": true
  },
  "stellarity:story/drop_rare_illager_loot": {
    "criteria": {
      "drop4": "2024-10-30 04:05:45 +0000"
    },
    "done": true
  },
  "minecraft:story/mine_stone": {
    "criteria": {
      "get_stone": "2024-10-30 04:09:29 +0000"
    },
    "done": true
  },
  "friendsandfoes:misc/yellow_dye_from_buttercup": {
    "criteria": {
      "has_the_recipe": "2024-10-30 04:05:44 +0000"
    },
    "done": true
  },
  "yungscavebiomes:root": {
    "criteria": {
      "always": "2024-10-30 04:05:45 +0000"
    },
    "done": true
  },
  "stellarity:cursed_tome/spellbooks/conveyance": {
    "criteria": {
      "requirement": "2024-10-30 04:05:45 +0000"
    },
    "done": true
  },
  "the_bumblezone:root": {
    "criteria": {
      "instant_granted": "2024-10-30 04:05:45 +0000"
    },
    "done": true
  },
  "infinity_cave:technical/armor/helmet": {
    "criteria": {
      "empty": "2024-10-30 04:05:44 +0000"
    },
    "done": true
  },
  "alexsmobs:alexsmobs/root": {
    "criteria": {
      "useitem": "2024-10-30 04:06:00 +0000"
    },
    "done": true
  },
  "stellarity:cursed_tome/root": {
    "criteria": {
      "requirement": "2024-10-30 04:05:45 +0000"
    },
    "done": true
  },
  "the_bumblezone:wiki": {
    "criteria": {
      "instant_granted": "2024-10-30 04:05:45 +0000"
    },
    "done": true
  },
  "1_splatus:ultris/root": {
    "criteria": {
      "c1": "2024-10-30 04:05:44 +0000"
    },
    "done": true
  },
  "infinity_cave:technical/armor/chestplate": {
    "criteria": {
      "empty": "2024-10-30 04:05:44 +0000"
    },
    "done": true
  },
  "infinity_cave:technical/armor/boots": {
    "criteria": {
      "empty": "2024-10-30 04:05:44 +0000"
    },
    "done": true
  },
  "stellarity:cursed_tome/spellbooks/updraft": {
    "criteria": {
      "requirement": "2024-10-30 04:05:45 +0000"
    },
    "done": true
  },
  "stellarity:cursed_tome/spellbooks/light": {
    "criteria": {
      "requirement": "2024-10-30 04:05:45 +0000"
    },
    "done": true
  },
  "incendium:technical/using/trailblazer": {
    "criteria": {
      "log_spam_fixer": "2024-10-30 04:05:48 +0000"
    },
    "done": false
  },
  "armageddon_mod:armageddon_mod_relics": {
    "criteria": {
      "armageddon_mod_relics_0": "2024-10-30 04:05:44 +0000"
    },
    "done": true
  },
  "stellarity:dragons_den/cursed_tome/items/spellbooks/unlock_conveyance": {
    "criteria": {
      "requirement": "2024-10-30 04:05:45 +0000"
    },
    "done": true
  },
  "infinity_cave:mechanics/altar/tick": {
    "criteria": {
      "requirement": "2024-10-30 04:05:45 +0000"
    },
    "done": true
  },
  "mowziesmobs:root": {
    "criteria": {
      "custom_test_name": "2024-10-30 04:05:45 +0000"
    },
    "done": true
  },
  "betterdungeons:root": {
    "criteria": {
      "always": "2024-10-30 04:05:45 +0000"
    },
    "done": true
  },
  "adorabuild_structures:overworld_structures": {
    "criteria": {
      "always": "2024-10-30 04:05:45 +0000"
    },
    "done": true
  },
  "stellarity:cursed_tome/spellbooks/natures_wrath": {
    "criteria": {
      "requirement": "2024-10-30 04:05:45 +0000"
    },
    "done": true
  },
  "minecraft:adventure/adventuring_time": {
    "criteria": {
      "minecraft:forest": "2024-10-30 04:05:48 +0000",
      "minecraft:plains": "2024-10-30 04:06:32 +0000"
    },
    "done": false
  },
  "stellarity:dragons_den/cursed_tome/items/spellbooks/unlock_updraft": {
    "criteria": {
      "requirement": "2024-10-30 04:05:45 +0000"
    },
    "done": true
  },
  "infinity_cave:mechanics/weapons/torpedo_harpoon/tick": {
    "criteria": {
      "requirement": "2024-10-30 04:05:45 +0000"
    },
    "done": true
  },
  "parcool:grant_parcool_guide": {
    "criteria": {
      "tick": "2024-10-30 04:05:45 +0000"
    },
    "done": true
  },
  "incendium:technical/using/shield": {
    "criteria": {
      "log_spam_fixer": "2024-10-30 04:05:48 +0000"
    },
    "done": false
  },
  "minecraft:husbandry/root": {
    "criteria": {
      "consumed_item": "2024-10-30 04:06:00 +0000"
    },
    "done": true
  },
  "betterdeserttemples:root": {
    "criteria": {
      "always": "2024-10-30 04:05:45 +0000"
    },
    "done": true
  },
  "aquamirae:adventure/root": {
    "criteria": {
      "crafting_table": "2024-10-30 04:08:15 +0000"
    },
    "done": true
  },
  "tombstone:adventure/root": {
    "criteria": {
      "auto": "2024-10-30 04:05:48 +0000"
    },
    "done": true
  },
  "cataclysm:root": {
    "criteria": {
      "custom_test_name": "2024-10-30 04:05:45 +0000"
    },
    "done": true
  },
  "stellarity:dragons_den/cursed_tome/items/spellbooks/unlock_light": {
    "criteria": {
      "requirement": "2024-10-30 04:05:45 +0000"
    },
    "done": true
  },
  "infinity_cave:load": {
    "criteria": {
      "requirement": "2024-10-30 04:05:45 +0000"
    },
    "done": true
  },
  "minecraft:story/root": {
    "criteria": {
      "crafting_table": "2024-10-30 04:08:15 +0000"
    },
    "done": true
  },
  "incendium:technical/new_player": {
    "criteria": {
      "requirement": "2024-10-30 04:05:45 +0000"
    },
    "done": true
  },
  "armageddon_mod:choups_ores_keeper_advancement": {
    "criteria": {
      "choups_ores_keeper_advancement_0": "2024-10-30 04:05:44 +0000"
    },
    "done": true
  },
  "DataVersion": 3465
}